ITA No,Point Group No,HM Symbol,Maximal SubGroups [index]
1,1,P 1,001[2];001[3];001[5];001[7]
2,2,P -1,001[2];002[2];002[3];002[5];002[7]
3,3,P 2,001[2];003[2];003[3];003[5];003[7];004[2];005[2]
4,3,P 2_1,001[2];004[2];004[3];004[5];004[7]
5,3,C 2,001[2];003[2];004[2];005[2];005[3];005[5];005[7]
6,4,P m,001[2];006[2];006[3];006[5];006[7];007[2];008[2]
7,4,P c,001[2];007[2];007[3];007[5];007[7];009[2]
8,4,C m,001[2];006[2];007[2];008[2];008[3];008[5];008[7];009[2]
9,4,C c,001[2];007[2];009[3];009[5];009[7]
10,5,P 2/m,002[2];003[2];006[2];010[2];010[3];010[5];010[7];011[2];012[2];013[2]
11,5,P 2_1/m,002[2];004[2];006[2];011[2];011[3];011[5];011[7];014[2]
12,5,C 2/m,002[2];005[2];008[2];010[2];011[2];012[2];012[3];012[5];012[7];013[2];014[2];015[2]
13,5,P 2/c,002[2];003[2];007[2];013[2];013[3];013[5];013[7];014[2];015[2]
14,5,P 2_1/c,002[2];004[2];007[2];014[2];014[3];014[5];014[7]
15,5,C 2/c,002[2];005[2];009[2];013[2];014[2];015[3];015[5];015[7]
16,6,P 2 2 2,003[2];016[2];016[3];016[5];016[7];017[2];021[2];022[2]
17,6,P 2 2 2_1,003[2];004[2];017[2];017[3];017[5];017[7];018[2];020[2]
18,6,P 2_1 2_1 2,003[2];004[2];018[2];018[3];018[5];018[7];019[2]
19,6,P 2_1 2_1 2_1,004[2];019[3];019[5];019[7]
20,6,C 2 2 2_1,004[2];005[2];017[2];018[2];019[2];020[3];020[5];020[7]
21,6,C 2 2 2,003[2];005[2];016[2];017[2];018[2];020[2];021[2];021[3];021[5];021[7];023[2];024[2]
22,6,F 2 2 2,005[2];020[2];021[2];022[3];022[5];022[7]
23,6,I 2 2 2,005[2];016[2];018[2];023[3];023[5];023[7]
24,6,I 2_1 2_1 2_1,005[2];017[2];019[2];024[3];024[5];024[7]
25,7,P m m 2,003[2];006[2];025[2];025[3];025[5];025[7];026[2];027[2];028[2];035[2];038[2];039[2];042[2]
26,7,P m c 2_1,004[2];006[2];007[2];026[2];026[3];026[5];026[7];029[2];031[2];036[2]
27,7,P c c 2,003[2];007[2];027[2];027[3];027[5];027[7];030[2];037[2]
28,7,P m a 2,003[2];006[2];007[2];028[2];028[3];028[5];028[7];029[2];030[2];031[2];032[2];040[2];041[2]
29,7,P c a 2_1,004[2];007[2];029[2];029[3];029[5];029[7];033[2]
30,7,P n c 2,003[2];007[2];030[2];030[3];030[5];030[7];034[2]
31,7,P m n 2_1,004[2];006[2];007[2];031[2];031[3];031[5];031[7];033[2]
32,7,P b a 2,003[2];007[2];032[2];032[3];032[5];032[7];033[2];034[2]
33,7,P n a 2_1,004[2];007[2];033[3];033[5];033[7]
34,7,P n n 2,003[2];007[2];034[3];034[5];034[7];043[2]
35,7,C m m 2,003[2];008[2];025[2];028[2];032[2];035[2];035[3];035[5];035[7];036[2];037[2];044[2];045[2];046[2]
36,7,C m c 2_1,004[2];008[2];009[2];026[2];029[2];031[2];033[2];036[3];036[5];036[7]
37,7,C c c 2,003[2];009[2];027[2];030[2];034[2];037[3];037[5];037[7]
38,7,A m m 2,005[2];006[2];008[2];025[2];026[2];030[2];031[2];038[2];038[3];038[5];038[7];040[2];044[2];046[2]
39,7,A e m 2,005[2];007[2];008[2];026[2];027[2];028[2];029[2];039[2];039[3];039[5];039[7];041[2];045[2];046[2]
40,7,A m a 2,005[2];006[2];009[2];028[2];031[2];033[2];034[2];040[3];040[5];040[7]
41,7,A e a 2,005[2];007[2];009[2];029[2];030[2];032[2];033[2];041[3];041[5];041[7]
42,7,F m m 2,005[2];008[2];035[2];036[2];037[2];038[2];039[2];040[2];041[2];042[3];042[5];042[7]
43,7,F d d 2,005[2];009[2];043[3];043[5];043[7]
44,7,I m m 2,005[2];008[2];025[2];031[2];034[2];044[3];044[5];044[7]
45,7,I b a 2,005[2];009[2];027[2];029[2];032[2];045[3];045[5];045[7]
46,7,I m a 2,005[2];008[2];009[2];026[2];028[2];030[2];033[2];046[3];046[5];046[7]
47,8,P m m m,010[2];016[2];025[2];047[2];047[3];047[5];047[7];049[2];051[2];065[2];067[2];069[2]
48,8,P n n n,013[2];016[2];034[2];048[3];048[5];048[7];070[2]
49,8,P c c m,010[2];013[2];016[2];027[2];028[2];049[2];049[3];049[5];049[7];050[2];053[2];054[2];066[2];068[2]
50,8,P b a n,013[2];016[2];030[2];032[2];048[2];050[2];050[3];050[5];050[7];052[2]
51,8,P m m a,010[2];011[2];013[2];017[2];025[2];026[2];028[2];051[2];051[3];051[5];051[7];053[2];054[2];055[2];057[2];059[2];063[2];064[2]
52,8,P n n a,013[2];014[2];017[2];030[2];033[2];034[2];052[3];052[5];052[7]
53,8,P m n a,010[2];013[2];014[2];017[2];028[2];030[2];031[2];052[2];053[2];053[3];053[5];053[7];058[2];060[2]
54,8,P c c a,013[2];014[2];017[2];027[2];029[2];032[2];052[2];054[2];054[3];054[5];054[7];056[2];060[2]
55,8,P b a m,010[2];014[2];018[2];026[2];032[2];055[2];055[3];055[5];055[7];058[2];062[2]
56,8,P c c n,013[2];014[2];018[2];027[2];033[2];056[3];056[5];056[7]
57,8,P b c m,011[2];013[2];014[2];018[2];026[2];028[2];029[2];057[2];057[3];057[5];057[7];060[2];061[2];062[2]
58,8,P n n m,010[2];014[2];018[2];031[2];034[2];058[3];058[5];058[7]
59,8,P m m n,011[2];013[2];018[2];025[2];031[2];056[2];059[2];059[3];059[5];059[7];062[2]
60,8,P b c n,013[2];014[2];018[2];029[2];030[2];033[2];060[3];060[5];060[7]
61,8,P b c a,014[2];019[2];029[2];061[3];061[5];061[7]
62,8,P n m a,011[2];014[2];019[2];026[2];031[2];033[2];062[3];062[5];062[7]
63,8,C m c m,011[2];012[2];015[2];020[2];036[2];038[2];040[2];051[2];052[2];057[2];058[2];059[2];060[2];062[2];063[3];063[5];063[7]
64,8,C m c e,012[2];014[2];015[2];020[2];036[2];039[2];041[2];053[2];054[2];055[2];056[2];057[2];060[2];061[2];062[2];064[3];064[5];064[7]
65,8,C m m m,010[2];012[2];021[2];035[2];038[2];047[2];050[2];051[2];053[2];055[2];059[2];063[2];065[2];065[3];065[5];065[7];066[2];071[2];072[2];074[2]
66,8,C c c m,010[2];015[2];021[2];037[2];040[2];048[2];049[2];052[2];053[2];056[2];058[2];066[3];066[5];066[7]
67,8,C m m e,012[2];013[2];021[2];035[2];039[2];049[2];051[2];054[2];057[2];064[2];067[2];067[3];067[5];067[7];068[2];072[2];073[2];074[2]
68,8,C c c e,013[2];015[2];021[2];037[2];041[2];050[2];052[2];054[2];060[2];068[3];068[5];068[7]
69,8,F m m m,012[2];022[2];042[2];063[2];064[2];065[2];066[2];067[2];068[2];069[3];069[5];069[7]
70,8,F d d d,015[2];022[2];043[2];070[3];070[5];070[7]
71,8,I m m m,012[2];023[2];044[2];047[2];048[2];058[2];059[2];071[3];071[5];071[7]
72,8,I b a m,012[2];015[2];023[2];045[2];046[2];049[2];050[2];055[2];056[2];057[2];060[2];072[3];072[5];072[7]
73,8,I b c a,015[2];024[2];045[2];054[2];061[2];073[3];073[5];073[7]
74,8,I m m a,012[2];015[2];024[2];044[2];046[2];051[2];052[2];053[2];062[2];074[3];074[5];074[7]
75,9,P 4,003[2];075[2];075[3];075[5];075[7];075[9];077[2];079[2]
76,9,P 4_1,004[2];076[2];076[5];076[9];078[3];078[7]
77,9,P 4_2,003[2];076[2];077[2];077[3];077[5];077[7];077[9];078[2];080[2]
78,9,P 4_3,004[2];076[3];076[7];078[2];078[5];078[9]
79,9,I 4,005[2];075[2];077[2];079[3];079[5];079[7];079[9]
80,9,I 4_1,005[2];076[2];078[2];080[3];080[5];080[7];080[9]
81,10,P -4,003[2];081[2];081[3];081[5];081[7];081[9];082[2]
82,10,I -4,005[2];081[2];082[3];082[5];082[7];082[9]
83,11,P 4/m,010[2];075[2];081[2];083[2];083[3];083[5];083[7];083[9];084[2];085[2];087[2]
84,11,P 4_2/m,010[2];077[2];081[2];084[2];084[3];084[5];084[7];084[9];086[2]
85,11,P 4/n,013[2];075[2];081[2];085[2];085[3];085[5];085[7];085[9];086[2]
86,11,P 4_2/n,013[2];077[2];081[2];086[3];086[5];086[7];086[9];088[2]
87,11,I 4/m,012[2];079[2];082[2];083[2];084[2];085[2];086[2];087[3];087[5];087[7];087[9]
88,11,I 4_1/a,015[2];080[2];082[2];088[3];088[5];088[7];088[9]
89,12,P 4 2 2,016[2];021[2];075[2];089[2];089[3];089[5];089[7];089[9];090[2];093[2];097[2]
90,12,P 4 2_1 2,018[2];021[2];075[2];090[2];090[3];090[5];090[7];090[9];094[2]
91,12,P 4_1 2 2,017[2];020[2];076[2];091[2];091[5];091[9];092[2];095[3];095[7]
92,12,P 4_1 2_1 2,019[2];020[2];076[2];092[5];092[9];096[3];096[7]
93,12,P 4_2 2 2,016[2];021[2];077[2];091[2];093[2];093[3];093[5];093[7];093[9];094[2];095[2];098[2]
94,12,P 4_2 2_1 2,018[2];021[2];077[2];092[2];094[3];094[5];094[7];094[9];096[2]
95,12,P 4_3 2 2,017[2];020[2];078[2];091[3];091[7];095[2];095[5];095[9];096[2]
96,12,P 4_3 2_1 2,019[2];020[2];078[2];092[3];092[7];096[5];096[9]
97,12,I 4 2 2,022[2];023[2];079[2];089[2];090[2];093[2];094[2];097[3];097[5];097[7];097[9]
98,12,I 4_1 2 2,022[2];024[2];080[2];091[2];092[2];095[2];096[2];098[3];098[5];098[7];098[9]
99,13,P 4 m m,025[2];035[2];075[2];099[2];099[3];099[5];099[7];099[9];100[2];101[2];103[2];105[2];107[2];108[2]
100,13,P 4 b m,032[2];035[2];075[2];100[2];100[3];100[5];100[7];100[9];102[2];104[2];106[2]
101,13,P 4_2 c m,027[2];035[2];077[2];101[3];101[5];101[7];101[9];105[2];106[2]
102,13,P 4_2 n m,034[2];035[2];077[2];102[3];102[5];102[7];102[9];109[2];110[2]
103,13,P 4 c c,027[2];037[2];075[2];103[2];103[3];103[5];103[7];103[9];104[2]
104,13,P 4 n c,034[2];037[2];075[2];104[3];104[5];104[7];104[9]
105,13,P 4_2 m c,025[2];037[2];077[2];101[2];102[2];105[3];105[5];105[7];105[9]
106,13,P 4_2 b c,032[2];037[2];077[2];106[3];106[5];106[7];106[9]
107,13,I 4 m m,042[2];044[2];079[2];099[2];102[2];104[2];105[2];107[3];107[5];107[7];107[9]
108,13,I 4 c m,042[2];045[2];079[2];100[2];101[2];103[2];106[2];108[3];108[5];108[7];108[9]
109,13,I 4_1 m d,043[2];044[2];080[2];109[3];109[5];109[7];109[9]
110,13,I 4_1 c d,043[2];045[2];080[2];110[3];110[5];110[7];110[9]
111,14,P -4 2 m,016[2];035[2];081[2];111[2];111[3];111[5];111[7];111[9];112[2];115[2];117[2];119[2];120[2]
112,14,P -4 2 c,016[2];037[2];081[2];112[3];112[5];112[7];112[9];116[2];118[2]
113,14,P -4 2_1 m,018[2];035[2];081[2];113[2];113[3];113[5];113[7];113[9];114[2]
114,14,P -4 2_1 c,018[2];037[2];081[2];114[3];114[5];114[7];114[9]
115,14,P -4 m 2,021[2];025[2];081[2];111[2];113[2];115[2];115[3];115[5];115[7];115[9];116[2];121[2]
116,14,P -4 c 2,021[2];027[2];081[2];112[2];114[2];116[3];116[5];116[7];116[9]
117,14,P -4 b 2,021[2];032[2];081[2];117[2];117[3];117[5];117[7];117[9];118[2]
118,14,P -4 n 2,021[2];034[2];081[2];118[3];118[5];118[7];118[9];122[2]
119,14,I -4 m 2,022[2];044[2];082[2];115[2];118[2];119[3];119[5];119[7];119[9]
120,14,I -4 c 2,022[2];045[2];082[2];116[2];117[2];120[3];120[5];120[7];120[9]
121,14,I -4 2 m,023[2];042[2];082[2];111[2];112[2];113[2];114[2];121[3];121[5];121[7];121[9]
122,14,I -4 2 d,024[2];043[2];082[2];122[3];122[5];122[7];122[9]
123,15,P 4/m m m,047[2];065[2];083[2];089[2];099[2];111[2];115[2];123[2];123[3];123[5];123[7];123[9];124[2];125[2];127[2];129[2];131[2];132[2];139[2];140[2]
124,15,P 4/m c c,049[2];066[2];083[2];089[2];103[2];112[2];116[2];124[2];124[3];124[5];124[7];124[9];126[2];128[2];130[2]
125,15,P 4/n b m,050[2];067[2];085[2];089[2];100[2];111[2];117[2];125[2];125[3];125[5];125[7];125[9];126[2];133[2];134[2]
126,15,P 4/n n c,048[2];068[2];085[2];089[2];104[2];112[2];118[2];126[3];126[5];126[7];126[9]
127,15,P 4/m b m,055[2];065[2];083[2];090[2];100[2];113[2];117[2];127[2];127[3];127[5];127[7];127[9];128[2];135[2];136[2]
128,15,P 4/m n c,058[2];066[2];083[2];090[2];104[2];114[2];118[2];128[3];128[5];128[7];128[9]
129,15,P 4/n m m,059[2];067[2];085[2];090[2];099[2];113[2];115[2];129[2];129[3];129[5];129[7];129[9];130[2];137[2];138[2]
130,15,P 4/n c c,056[2];068[2];085[2];090[2];103[2];114[2];116[2];130[3];130[5];130[7];130[9]
131,15,P 4_2/m m c,047[2];066[2];084[2];093[2];105[2];112[2];115[2];131[3];131[5];131[7];131[9];132[2];134[2];136[2];138[2]
132,15,P 4_2/m c m,049[2];065[2];084[2];093[2];101[2];111[2];116[2];131[2];132[3];132[5];132[7];132[9];133[2];135[2];137[2]
133,15,P 4_2/n b c,050[2];068[2];086[2];093[2];106[2];112[2];117[2];133[3];133[5];133[7];133[9]
134,15,P 4_2/n n m,048[2];067[2];086[2];093[2];102[2];111[2];118[2];134[3];134[5];134[7];134[9];141[2];142[2]
135,15,P 4_2/m b c,055[2];066[2];084[2];094[2];106[2];114[2];117[2];135[3];135[5];135[7];135[9]
136,15,P 4_2/m n m,058[2];065[2];084[2];094[2];102[2];113[2];118[2];136[3];136[5];136[7];136[9]
137,15,P 4_2/n m c,059[2];068[2];086[2];094[2];105[2];114[2];115[2];137[3];137[5];137[7];137[9]
138,15,P 4_2/n c m,056[2];067[2];086[2];094[2];101[2];113[2];116[2];138[3];138[5];138[7];138[9]
139,15,I 4/m m m,069[2];071[2];087[2];097[2];107[2];119[2];121[2];123[2];126[2];128[2];129[2];131[2];134[2];136[2];137[2];139[3];139[5];139[7];139[9]
140,15,I 4/m c m,069[2];072[2];087[2];097[2];108[2];120[2];121[2];124[2];125[2];127[2];130[2];132[2];133[2];135[2];138[2];140[3];140[5];140[7];140[9]
141,15,I 4_1/a m d,070[2];074[2];088[2];098[2];109[2];119[2];122[2];141[3];141[5];141[7];141[9]
142,15,I 4_1/a c d,070[2];073[2];088[2];098[2];110[2];120[2];122[2];142[3];142[5];142[7];142[9]
143,16,P 3,001[3];143[2];143[3];143[4];143[5];143[7];144[3];145[3];146[3]
144,16,P 3_1,001[3];144[3];144[4];144[7];145[2];145[5]
145,16,P 3_2,001[3];144[2];144[5];145[3];145[4];145[7]
146,16,R 3,001[3];143[3];144[3];145[3];146[2];146[4];146[5];146[7]
147,17,P -3,002[3];143[2];147[2];147[3];147[4];147[5];147[7];148[3]
148,17,R -3,002[3];146[2];147[3];148[2];148[4];148[5];148[7]
149,18,P 3 1 2,005[3];143[2];149[2];149[3];149[4];149[5];149[7];150[3];151[3];153[3];155[3]
150,18,P 3 2 1,005[3];143[2];149[3];150[2];150[3];150[4];150[5];150[7];152[3];154[3]
151,18,P 3_1 1 2,005[3];144[2];151[4];151[7];152[3];153[2];153[5]
152,18,P 3_1 2 1,005[3];144[2];151[3];152[4];152[7];154[2];154[5]
153,18,P 3_2 1 2,005[3];145[2];151[2];151[5];153[4];153[7];154[3]
154,18,P 3_2 2 1,005[3];145[2];152[2];152[5];153[3];154[4];154[7]
155,18,R 3 2,005[3];146[2];150[3];152[3];154[3];155[2];155[4];155[5];155[7]
156,19,P 3 m 1,008[3];143[2];156[2];156[3];156[4];156[5];156[7];157[3];158[2]
157,19,P 3 1 m,008[3];143[2];156[3];157[2];157[3];157[4];157[5];157[7];159[2];160[3]
158,19,P 3 c 1,009[3];143[2];158[3];158[4];158[5];158[7];159[3]
159,19,P 3 1 c,009[3];143[2];158[3];159[3];159[4];159[5];159[7];161[3]
160,19,R 3 m,008[3];146[2];156[3];160[2];160[4];160[5];160[7];161[2]
161,19,R 3 c,009[3];146[2];158[3];161[4];161[5];161[7]
162,20,P -3 1 m,012[3];147[2];149[2];157[2];162[2];162[3];162[4];162[5];162[7];163[2];164[3];166[3]
163,20,P -3 1 c,015[3];147[2];149[2];159[2];163[3];163[4];163[5];163[7];165[3];167[3]
164,20,P -3 m 1,012[3];147[2];150[2];156[2];162[3];164[2];164[3];164[4];164[5];164[7];165[2]
165,20,P -3 c 1,015[3];147[2];150[2];158[2];163[3];165[3];165[4];165[5];165[7]
166,20,R -3 m,012[3];148[2];155[2];160[2];164[3];166[2];166[4];166[5];166[7];167[2]
167,20,R -3 c,015[3];148[2];155[2];161[2];165[3];167[4];167[5];167[7]
168,21,P 6,003[3];143[2];168[2];168[3];168[4];168[5];168[7];171[3];172[3];173[2]
169,21,P 6_1,004[3];144[2];169[3];169[4];169[7];170[5]
170,21,P 6_5,004[3];145[2];169[5];170[3];170[4];170[7]
171,21,P 6_2,003[3];145[2];169[2];171[3];171[4];171[7];172[2];172[5]
172,21,P 6_4,003[3];144[2];170[2];171[2];171[5];172[3];172[4];172[7]
173,21,P 6_3,004[3];143[2];169[3];170[3];173[3];173[4];173[5];173[7]
174,22,P -6,006[3];143[2];174[2];174[3];174[4];174[5];174[7]
175,23,P 6/m,010[3];147[2];168[2];174[2];175[2];175[3];175[4];175[5];175[7];176[2]
176,23,P 6_3/m,011[3];147[2];173[2];174[2];176[3];176[4];176[5];176[7]
177,24,P 6 2 2,021[3];149[2];150[2];168[2];177[2];177[3];177[4];177[5];177[7];180[3];181[3];182[2]
178,24,P 6_1 2 2,020[3];151[2];152[2];169[2];178[3];178[4];178[7];179[5]
179,24,P 6_5 2 2,020[3];153[2];154[2];170[2];178[5];179[3];179[4];179[7]
180,24,P 6_2 2 2,021[3];153[2];154[2];171[2];178[2];180[3];180[4];180[7];181[2];181[5]
181,24,P 6_4 2 2,021[3];151[2];152[2];172[2];179[2];180[2];180[5];181[3];181[4];181[7]
182,24,P 6_3 2 2,020[3];149[2];150[2];173[2];178[3];179[3];182[3];182[4];182[5];182[7]
183,25,P 6 m m,035[3];156[2];157[2];168[2];183[2];183[3];183[4];183[5];183[7];184[2];185[2];186[2]
184,25,P 6 c c,037[3];158[2];159[2];168[2];184[3];184[4];184[5];184[7]
185,25,P 6_3 c m,036[3];157[2];158[2];173[2];185[3];185[4];185[5];185[7];186[3]
186,25,P 6_3 m c,036[3];156[2];159[2];173[2];185[3];186[3];186[4];186[5];186[7]
187,26,P -6 m 2,038[3];149[2];156[2];174[2];187[2];187[3];187[4];187[5];187[7];188[2];189[3]
188,26,P -6 c 2,040[3];149[2];158[2];174[2];188[3];188[4];188[5];188[7];190[3]
189,26,P -6 2 m,038[3];150[2];157[2];174[2];187[3];189[2];189[3];189[4];189[5];189[7];190[2]
190,26,P -6 2 c,040[3];150[2];159[2];174[2];188[3];190[3];190[4];190[5];190[7]
191,27,P 6/m m m,065[3];162[2];164[2];175[2];177[2];183[2];187[2];189[2];191[2];191[3];191[4];191[5];191[7];192[2];193[2];194[2]
192,27,P 6/m c c,066[3];163[2];165[2];175[2];177[2];184[2];188[2];190[2];192[3];192[4];192[5];192[7]
193,27,P 6_3/m c m,063[3];162[2];165[2];176[2];182[2];185[2];188[2];189[2];193[3];193[4];193[5];193[7];194[3]
194,27,P 6_3/m m c,063[3];163[2];164[2];176[2];182[2];186[2];187[2];190[2];193[3];194[3];194[4];194[5];194[7]
195,28,P 2 3,016[3];146[4];196[2];197[4];199[4]
196,28,F 2 3,022[3];146[4];195[4];198[4]
197,28,I 2 3,023[3];146[4];195[2]
198,28,P 2_1 3,019[3];146[4]
199,28,I 2_1 3,024[3];146[4];198[2]
200,29,P m -3,047[3];148[4];195[2];202[2];204[4];206[4]
201,29,P n -3,048[3];148[4];195[2];203[2]
202,29,F m -3,069[3];148[4];196[2];200[4];201[4];205[4]
203,29,F d -3,070[3];148[4];196[2]
204,29,I m -3,071[3];148[4];197[2];200[2];201[2]
205,29,P a -3,061[3];148[4];198[2]
206,29,I a -3,073[3];148[4];199[2];205[2]
207,30,P 4 3 2,089[3];155[4];195[2];209[2];211[4]
208,30,P 4_2 3 2,093[3];155[4];195[2];210[2];214[4]
209,30,F 4 3 2,097[3];155[4];196[2];207[4];208[4]
210,30,F 4_1 3 2,098[3];155[4];196[2];212[4];213[4]
211,30,I 4 3 2,097[3];155[4];197[2];207[2];208[2]
212,30,P 4_3 3 2,096[3];155[4];198[2]
213,30,P 4_1 3 2,092[3];155[4];198[2]
214,30,I 4_1 3 2,098[3];155[4];199[2];212[2];213[2]
215,31,P -4 3 m,111[3];160[4];195[2];216[2];217[4];219[2]
216,31,F -4 3 m,119[3];160[4];196[2];215[4]
217,31,I -4 3 m,121[3];160[4];197[2];215[2];218[2]
218,31,P -4 3 n,112[3];161[4];195[2];220[4]
219,31,F -4 3 c,120[3];161[4];196[2];218[4]
220,31,I -4 3 d,122[3];161[4];199[2]
221,32,P m -3 m,123[3];166[4];200[2];207[2];215[2];225[2];226[2];229[4]
222,32,P n -3 n,126[3];167[4];201[2];207[2];218[2]
223,32,P m -3 n,131[3];167[4];200[2];208[2];218[2];230[4]
224,32,P n -3 m,134[3];166[4];201[2];208[2];215[2];227[2];228[2]
225,32,F m -3 m,139[3];166[4];202[2];209[2];216[2];221[4];224[4]
226,32,F m -3 c,140[3];167[4];202[2];209[2];219[2];222[4];223[4]
227,32,F d -3 m,141[3];166[4];203[2];210[2];216[2]
228,32,F d -3 c,142[3];167[4];203[2];210[2];219[2]
229,32,I m -3 m,139[3];166[4];204[2];211[2];217[2];221[2];222[2];223[2];224[2]
230,32,I a -3 d,142[3];167[4];206[2];214[2];220[2]
